semester,courseName,creditHour,grade,points,type,rmk
1,Islamic Studies/ Ethics,3,A-,3.67,C,
1,Programming Fundamentals Lab,1,B,3,C,
1,Applied Physics,3,A+,4,C,
1,Programming Fundamentals,3,C,2,C,
1,English Composition & Comprehension,3,C+,2.33,C,
1,Calculus & Analytical Geometry,3,C,2,C,
1,English Composition & Comprehension Lab,1,C+,2.33,C,
2,Object Oriented Programming,3,B,3,C,
2,Digital Logic Design Lab,1,A,4,C,
2,Digital Logic Design,3,B,3,C,
2,Communication & Presentation Skills,3,B,3,C,
2,Differential Equations,3,F,0,C,
2,Object Oriented Programming Lab,1,C+,2.33,C,
2,Pakistan Studies,3,A,4,C,
3,Data Structures & Algorithms,3,B,3,C,
3,Discrete Structures,3,B-,2.67,C,
3,Comp. Organization & Assembly Language Lab,1,A,4,C,
3,Comp. Organization & Assembly Language,3,A+,4,C,
3,Differential Equations,3,B,3,C,R-1
3,Management Related,3,A+,4,E,
4,Social Science Related,3,B,3,E,
4,Theory of Automata,3,B,3,C,
4,Operating Systems,3,A+,4,C,
4,Numerical Computing,3,A,4,E,
4,Probability & Statistics,4,A+,4,C,
4,Operating Systems Lab,1,B,3,C,
5,OOAD Lab,1,A+,4,C,
5,Design & Analysis of Algorithms,3,B,3,C,
5,Linear Algebra,3,A+,4,C,
5,Domain CS Core,3,A-,3.67,C,
5,Database Systems Lab,1,A,4,C,
5,Database Systems,3,A,4,C,
5,OOAD,3,A,4,C,
6,Management Related,3,A,4,E,
6,Artificial Intelligence,3,A,4,C,
6,Software Engineering,3,A-,3.67,C,
6,Technical & Business Writing,3,B,3,C,
6,CS Elective,3,A,4,E,
6,Computer Networks,3,B-,2.67,C,
6,Computer Networks Lab,1,B-,2.67,C,
7,Information Security,3,A+,4,E,
7,Intro to Info. & Comm. Technologies,3,B+,3.33,E,
7,CS Elective,3,A-,3.67,C,
7,CS Elective,3,A,4,C,
7,Final Year Project,3,A+,4,C,
8,Final Year Project,3,A+,4,C,
8,CS Elective,3,A+,4,E,
8,Entrepreneurship,3,A,4,E,
8,CS Elective,3,A+,4,E,
8,Professional Practices,3,A-,3.67,E,
